{"coefficients": [1.1574074074074077e-05, 1.7090002459013657e-16, -1.3765159888812e-16, -2.4105268176901225e-16, 2.311872257680523e-15, -1.2748419873373404e-16, 1.2748419873373017e-16, -2.4689931521776087e-16, 2.468993152177614e-16, 9.605630023327592e-17, -9.605630023327489e-17], "intercept": -13879.000000000002}