{"coefficients": [1.2100006630324449e-11, 0.008090127137319325, 0.031187935277090288, 0.0631712383577264, -0.0028163648018194516, 0.002816364801819453, 2.8515253633524563e-05, -2.851525363352543e-05, 0.007830058597548779, -0.007830058597548777], "intercept": -0.08068794320320621}